digit,count,empirical,benford,zscore
0,0.0,0.0,0.0,NaN,
1,2620.0,0.3167694353766171,0.30103,3.108585004426432,
2,1316.0,0.15911014387619393,0.176091,4.040001569467004,
3,1149.0,0.13891911498005077,0.124939,3.828596059740519,
4,596.0,0.07205900132994801,0.09691,7.621058538383707,
5,643.0,0.07774150646838351,0.0791812,0.4645378982992056,
6,671.0,0.0811268286785153,0.0669468,5.137863550543868,
7,451.0,0.054527868456051266,0.0579919,1.3243534415318008,
8,403.0,0.0487244589529682,0.0511525,0.977357968768646,
