digit,count,empirical,benford,zscore
0,0.0,0.0,0.0,NaN,
1,11020.0,0.28615943910672553,0.30103,6.3562445666870735,
2,6620.0,0.17190340171384055,0.176091,2.150774844673942,
3,4684.0,0.12163074526097117,0.124939,1.9557337553815954,
4,3445.0,0.0894572838223838,0.09691,4.935080810816931,
5,2968.0,0.07707089067774604,0.0791812,1.5242440405867683,
6,2393.0,0.06213970397299403,0.0669468,3.7642360993951365,
7,2247.0,0.0583484809140483,0.0579919,0.2884864906704802,
8,2272.0,0.058997662944689694,0.0511525,6.976502268452079,
