digit,count,empirical,benford,zscore
0,0.0,0.0,0.0,NaN,
1,2538.0,0.3201715655355115,0.30103,3.7030900217140394,
2,1298.0,0.16374416551028131,0.176091,2.871292988053024,
3,991.0,0.12501576889113158,0.124939,0.0036871874666634013,
4,779.0,0.09827172953197931,0.09691,0.39083915197510594,
5,507.0,0.06395862242967075,0.0791812,4.998517714115847,
6,492.0,0.06206635549388167,0.0669468,1.7161143490903927,
7,484.0,0.06105714646146083,0.0579919,1.143612390736565,
8,416.0,0.05247886968588369,0.0511525,0.5105370486324312,
