digit,count,empirical,benford,zscore
0,0.0,0.0,0.0,NaN,
1,10215.0,0.293365881677197,0.30103,3.1119167169967428,
2,5953.0,0.17096496266513497,0.176091,2.504203678267244,
3,4293.0,0.12329121194715681,0.124939,0.9218204371835218,
4,3014.0,0.08655944859276278,0.09691,6.5196627541661005,
5,2555.0,0.07337736932797242,0.0791812,4.00087650287826,
6,2116.0,0.0607696726019529,0.0669468,4.6012102201385465,
7,2087.0,0.05993681792073521,0.0579919,1.5412969889291104,
8,2058.0,0.05910396323951752,0.0511525,6.722716476405329,
