digit,count,empirical,benford,zscore
0,0.0,0.0,0.0,NaN,
1,2603.0,0.28842105263157897,0.30103,2.5998952830651882,
2,1449.0,0.16055401662049862,0.176091,3.861274984404645,
3,1108.0,0.12277008310249307,0.124939,0.6072406144984811,
4,925.0,0.10249307479224377,0.09691,1.7750727038126752,
5,793.0,0.08786703601108033,0.0791812,3.036394039046228,
6,638.0,0.07069252077562327,0.0669468,1.4027149093138525,
7,593.0,0.06570637119113573,0.0579919,3.113068161976892,
8,494.0,0.05473684210526316,0.0511525,1.5217254128642037,
