digit,count,empirical,benford,zscore
0,0.0,0.0,0.0,NaN,
1,32803.0,0.2868247556091845,0.30103,10.46958182714274,
2,20318.0,0.17765769546893306,0.176091,1.3871110743515869,
3,13105.0,0.11458825175314341,0.124939,10.58201954509412,
4,10833.0,0.09472220764912649,0.09691,2.495950801026723,
5,8851.0,0.07739188220275256,0.0791812,2.235503671223363,
6,7694.0,0.06727523914450098,0.0669468,0.43849581111618513,
7,6680.0,0.05840896770019061,0.0579919,0.5971280841695329,
8,6479.0,0.056651452354720806,0.0511525,8.434344964868535,
