digit,count,empirical,benford,zscore
0,0.0,0.0,0.0,NaN,
1,0.0,0.0,0.30103,5.320077643647076,
2,43.0,0.6231884057971014,0.176091,9.59228236171227,
3,26.0,0.37681159420289856,0.124939,6.14553035693003,
4,0.0,0.0,0.09691,2.5176248469866906,
5,0.0,0.0,0.0791812,2.212919406692988,
6,0.0,0.0,0.0669468,1.9841926667328957,
7,0.0,0.0,0.0579919,1.8034798414703477,
8,0.0,0.0,0.0511525,1.655457348873986,
