digit,count,empirical,benford,zscore
0,0.0,0.0,0.0,NaN,
1,9509.0,0.267234353483405,0.30103,13.892079889636344,
2,6432.0,0.18076047550796728,0.176091,2.3055381053502284,
3,4691.0,0.13183261669898547,0.124939,3.9247688544131663,
4,3414.0,0.09594469269032965,0.09691,0.6065529493232671,
5,2690.0,0.0755978978725796,0.0791812,2.49344720851973,
6,2262.0,0.06356968215158924,0.0669468,2.538274466396225,
7,2096.0,0.05890453306354158,0.0579919,0.7252165763280106,
8,2070.0,0.05817384706179917,0.0511525,5.999845483686111,
