digit,count,empirical,benford,zscore
0,0.0,0.0,0.0,NaN,
1,1863.0,0.2231672256827983,0.30103,15.497182046365076,
2,1406.0,0.1684235745088644,0.176091,1.824848194544359,
3,1583.0,0.18962625778629613,0.124939,17.858273923544793,
4,956.0,0.11451844753234308,0.09691,5.419793217399479,
5,606.0,0.07259223766171538,0.0791812,2.2092469655288673,
6,657.0,0.07870148538572114,0.0669468,4.275289840962016,
7,651.0,0.07798275035936751,0.0579919,7.791271855490633,
8,338.0,0.04048873981792046,0.0511525,4.397681714541641,
