digit,count,empirical,benford,zscore
0,0.0,0.0,0.0,NaN,
1,2604.0,0.2911449016100179,0.30103,2.0265143742849148,
2,1557.0,0.17408318425760286,0.176091,0.48463860107899714,
3,1017.0,0.11370751341681574,0.124939,3.1964499876934336,
4,919.0,0.10275044722719141,0.09691,1.8492055908500251,
5,836.0,0.09347048300536673,0.0791812,4.985122090705871,
6,684.0,0.07647584973166369,0.0669468,3.584610944324975,
7,522.0,0.05836314847942755,0.0579919,0.12759714819832207,
8,407.0,0.04550536672629696,0.0511525,2.4001677851717913,
