digit,count,empirical,benford,zscore
0,0.0,0.0,0.0,NaN,
1,388.0,0.5527065527065527,0.30103,14.495938876178876,
2,136.0,0.19373219373219372,0.176091,1.177579389766683,
3,48.0,0.06837606837606838,0.124939,4.475369020663563,
4,19.0,0.027065527065527065,0.09691,6.191548224852367,
5,22.0,0.03133903133903134,0.0791812,4.624524784665566,
6,13.0,0.018518518518518517,0.0669468,5.05841843108401,
7,28.0,0.039886039886039885,0.0579919,1.9717292617708406,
8,19.0,0.027065527065527065,0.0511525,2.811145818807517,
