digit,count,empirical,benford,zscore
0,0.0,0.0,0.0,NaN,
1,9166.0,0.2619381019060955,0.30103,15.936187100146574,
2,6421.0,0.18349384162546795,0.176091,3.6286224330491166,
3,4296.0,0.12276741062498214,0.124939,1.2204868836110914,
4,3075.0,0.087874717800703,0.09691,5.704205341315499,
5,2759.0,0.07884434029663076,0.0791812,0.2234693457057976,
6,2518.0,0.07195724859257566,0.0669468,3.7394593227453305,
7,2171.0,0.062040979624496326,0.0579919,3.2292424283029324,
8,2133.0,0.06095504815248764,0.0511525,8.311213250759026,
