digit,count,empirical,benford,zscore
0,0.0,0.0,0.0,NaN,
1,45660.0,0.4007337130620233,0.30103,73.36654594850161,
2,18850.0,0.16543649783659964,0.176091,9.438132360187394,
3,8404.0,0.07375747097181874,0.124939,52.245375513824264,
4,6898.0,0.06054010408895832,0.09691,41.49347949691547,
5,6364.0,0.055853468022924145,0.0791812,29.15631931861234,
6,6499.0,0.057038291747483344,0.0669468,13.37635521005035,
7,6756.0,0.05929384506016271,0.0579919,1.8739388368511307,
8,6656.0,0.05841619785678553,0.0511525,11.122532735657257,
