digit,count,empirical,benford,zscore
0,0.0,0.0,0.0,NaN,
1,2832.0,0.3367419738406659,0.30103,7.127776650369831,
2,1304.0,0.15505350772889417,0.176091,5.0507362240923825,
3,1087.0,0.12925089179548158,0.124939,1.179418373702514,
4,748.0,0.08894173602853746,0.09691,2.451655127606857,
5,551.0,0.06551724137931035,0.0791812,4.62043253068417,
6,600.0,0.0713436385255648,0.0669468,1.5915046274630744,
7,579.0,0.06884661117717003,0.0579919,4.235649766638306,
8,385.0,0.045778834720570746,0.0511525,2.212102532735118,
