digit,count,empirical,benford,zscore
0,0.0,0.0,0.0,NaN,
1,23792.0,0.2767316080255888,0.30103,15.52835713938756,
2,14062.0,0.16355917417854027,0.176091,9.642522238126519,
3,9325.0,0.10846176214015703,0.124939,14.606595916643622,
4,8366.0,0.09730735678976446,0.09691,0.38807323064897786,
5,7068.0,0.08220994475138121,0.0791812,3.282584588825275,
6,6186.0,0.0719511485897063,0.0669468,5.864223802144643,
7,5743.0,0.06679848793253852,0.0579919,11.040681686321612,
8,5453.0,0.06342541436464089,0.0511525,16.326621014466372,
