digit,count,empirical,benford,zscore
0,0.0,0.0,0.0,NaN,
1,3011.0,0.27941722345953973,0.30103,4.880584423439784,
2,1912.0,0.17743132887899035,0.176091,0.3526396918053101,
3,1260.0,0.11692650334075724,0.124939,2.5009569635692483,
4,895.0,0.08305493689680772,0.09691,4.845411108575652,
5,850.0,0.07887899034892354,0.0791812,0.09834416484764602,
6,662.0,0.06143281365998515,0.0669468,2.2709437312877254,
7,640.0,0.05939123979213066,0.0579919,0.6008920590914659,
8,678.0,0.06291759465478843,0.0511525,5.521745816829918,
