digit,count,empirical,benford,zscore
0,0.0,0.0,0.0,NaN,
1,9422.0,0.2701803687666676,0.30103,12.553319546382692,
2,5644.0,0.16184440684770454,0.176091,6.977666053480274,
3,4480.0,0.12846614859633526,0.124939,1.9839523819225733,
4,3110.0,0.08918074154790238,0.09691,4.869970254145676,
5,2638.0,0.07564591517793134,0.0791812,2.435039578049163,
6,2437.0,0.0698821437788547,0.0669468,2.1825238334214747,
7,2323.0,0.06661313910475153,0.0579919,6.876706570593496,
8,2189.0,0.06277062483870043,0.0511525,9.83586968155225,
