digit,count,empirical,benford,zscore
0,0.0,0.0,0.0,NaN,
1,2567.0,0.28449517898703314,0.30103,3.4125804861288844,
2,1315.0,0.14573866784883077,0.176091,7.555543839410322,
3,1091.0,0.12091322176659648,0.124939,1.1406112686879222,
4,755.0,0.08367505264324504,0.09691,4.231805520315873,
5,729.0,0.08079352765155713,0.0791812,0.5476989308243311,
6,740.0,0.0820126343788097,0.0669468,5.704928696586447,
7,607.0,0.0672725257674831,0.0579919,3.7492192500265347,
8,732.0,0.0811260113044442,0.0511525,12.899646496316878,
