digit,count,empirical,benford,zscore
0,0.0,0.0,0.0,NaN,
1,3206.0,0.3708931050439611,0.30103,14.148531948961944,
2,1454.0,0.16820916242480333,0.176091,1.9097551225865494,
3,1394.0,0.16126793151318833,0.124939,10.19881664695306,
4,583.0,0.06744562702452568,0.09691,9.241688729841245,
5,402.0,0.046506247107820455,0.0791812,11.230645523311372,
6,527.0,0.06096714484035169,0.0669468,2.2028952596404707,
7,474.0,0.054835724201758446,0.0579919,1.2324643708038268,
8,279.0,0.032276723739009715,0.0511525,7.941410551426963,
