digit,count,empirical,benford,zscore
0,0.0,0.0,0.0,NaN,
1,8127.0,0.2406003907869027,0.30103,24.206176657334545,
2,5671.0,0.16789034282669194,0.176091,3.9497789477523244,
3,4129.0,0.12223932737284623,0.124939,1.4923547282874443,
4,3488.0,0.10326247853632542,0.09691,3.937288020246244,
5,3215.0,0.09518029486648114,0.0791812,10.879583029710318,
6,2454.0,0.07265083782343537,0.0669468,4.183624966856191,
7,2075.0,0.06143051690449405,0.0579919,2.692254977563022,
8,2052.0,0.06074960033157677,0.0511525,7.993831479206969,
