digit,count,empirical,benford,zscore
0,0.0,0.0,0.0,NaN,
1,39130.0,0.26621764125591046,0.30103,29.09332523293113,
2,30298.0,0.20612987719835357,0.176091,30.231717221006317,
3,20192.0,0.13737456203013912,0.124939,14.415009514924382,
4,14483.0,0.09853386399972787,0.09691,2.1000306070198156,
5,11334.0,0.07710990917440555,0.0791812,2.9360647416864616,
6,9220.0,0.06272748919957818,0.0669468,6.467100815592833,
7,7641.0,0.05198489641800184,0.0579919,9.847758855431985,
8,7082.0,0.04818178725720312,0.0511525,5.163782474088034,
