digit,count,empirical,benford,zscore
0,0.0,0.0,0.0,NaN,
1,2373.0,0.29013326812568774,0.30103,2.1363327560467407,
2,1657.0,0.20259200391245874,0.176091,6.27770993309305,
3,957.0,0.11700696906712311,0.124939,2.1528127339735295,
4,684.0,0.08362880547744223,0.09691,4.041418212205744,
5,752.0,0.09194278029098912,0.0791812,4.253740778324787,
6,581.0,0.07103557892162857,0.0669468,1.4574154290205492,
7,452.0,0.05526347964298814,0.0579919,1.0320697724667838,
8,393.0,0.04804988384888128,0.0511525,1.2485444170789506,
