digit,count,empirical,benford,zscore
0,0.0,0.0,0.0,NaN,
1,3017.0,0.34698102357676824,0.30103,9.329363136521637,
2,1763.0,0.20276020701552616,0.176091,6.514772475351448,
3,1114.0,0.1281196089706728,0.124939,0.880751018721288,
4,750.0,0.08625646923519265,0.09691,3.339858085543261,
5,546.0,0.06279470960322024,0.0791812,5.638919356637196,
6,511.0,0.05876940770557792,0.0669468,3.029470419625433,
7,449.0,0.05163887291546866,0.0579919,2.511629670425668,
8,300.0,0.034502587694077054,0.0511525,7.022836706662036,
