digit,count,empirical,benford,zscore
0,0.0,0.0,0.0,NaN,
1,2550.0,0.2893124574540504,0.30103,2.3866089042444365,
2,1625.0,0.18436578171091444,0.176091,2.0255701980051404,
3,1143.0,0.12968005445881553,0.124939,1.3300424629194714,
4,832.0,0.0943952802359882,0.09691,0.7800404871776179,
5,745.0,0.08452461992285001,0.0791812,1.8381138322778194,
6,582.0,0.06603131381892444,0.0669468,0.3225814054139899,
7,544.0,0.06171999092353075,0.0579919,1.4746972190324574,
8,444.0,0.05037440435670524,0.0511525,0.30740546281423103,
