digit,count,empirical,benford,zscore
0,0.0,0.0,0.0,NaN,
1,1390.0,0.31221922731356694,0.30103,1.611247923222796,
2,637.0,0.1430817610062893,0.176091,5.762683186275961,
3,716.0,0.16082659478885894,0.124939,7.219257150210518,
4,472.0,0.10601976639712489,0.09691,2.0293060948390957,
5,324.0,0.07277628032345014,0.0791812,1.5549280823949694,
6,295.0,0.06626235399820306,0.0669468,0.15274234089118008,
7,165.0,0.03706199460916442,0.0579919,5.94288290137397,
8,265.0,0.05952380952380952,0.0511525,2.501344023406206,
