digit,count,empirical,benford,zscore
0,0.0,0.0,0.0,NaN,
1,31632.0,0.2993158656712181,0.30103,1.2114591914095947,
2,18789.0,0.17778976353365317,0.176091,1.4458123964946759,
3,12198.0,0.11542282907996707,0.124939,9.351397952990062,
4,8353.0,0.07903975170560461,0.09691,19.631985922007953,
5,6906.0,0.06534760269111761,0.0791812,16.648951948269882,
6,6732.0,0.06370113833139353,0.0669468,4.215509315637664,
7,6770.0,0.06406071100765512,0.0579919,8.434364711043152,
8,6831.0,0.06463791977744344,0.0511525,19.89202020024538,
