digit,count,empirical,benford,zscore
0,0.0,0.0,0.0,NaN,
1,8643.0,0.2534827110889521,0.30103,19.13443862312135,
2,5807.0,0.17030823826143063,0.176091,2.7962917970522505,
3,5403.0,0.1584596885356483,0.124939,18.711681189538908,
4,3381.0,0.09915828371997537,0.09691,1.394175663481457,
5,2498.0,0.07326157726486202,0.0791812,4.038097678662186,
6,2227.0,0.06531366395870604,0.0669468,1.1957631317089026,
7,1911.0,0.05604598645042086,0.0579919,1.5257573904535071,
8,1870.0,0.05484353462181424,0.0511525,3.081383306165891,
