digit,count,empirical,benford,zscore
0,0.0,0.0,0.0,NaN,
1,1319.0,0.2962713387241689,0.30103,0.675858137914593,
2,688.0,0.1545372866127583,0.176091,3.7559742026528617,
3,673.0,0.15116801437556154,0.124939,5.270208405598063,
4,374.0,0.08400718778077268,0.09691,2.884797899785327,
5,299.0,0.06716082659478886,0.0791812,2.942528118434414,
6,363.0,0.08153638814016173,0.0669468,3.86497250744349,
7,165.0,0.03706199460916442,0.0579919,5.94288290137397,
8,332.0,0.07457322551662174,0.0511525,7.059252329714084,
