digit,count,empirical,benford,zscore
0,0.0,0.0,0.0,NaN,
1,9728.0,0.2580508249774524,0.30103,18.186495918882688,
2,6676.0,0.17709162289776645,0.176091,0.5032992723274651,
3,4732.0,0.1255239004721736,0.124939,0.33566915694907534,
4,3570.0,0.09469998408403629,0.09691,1.4417517699443043,
5,3008.0,0.07979203140750173,0.0791812,0.429683260955231,
6,2639.0,0.07000371372486604,0.0669468,2.3644809008974303,
7,2360.0,0.06260279059897077,0.0579919,3.8192837939665516,
8,2293.0,0.06082550798450846,0.0511525,8.5132063801817,
