digit,count,empirical,benford,zscore
0,0.0,0.0,0.0,NaN,
1,2662.0,0.3189169761590991,0.30103,3.550676667941286,
2,1515.0,0.18150233616868336,0.176091,1.2835926158738402,
3,1102.0,0.1320234814903558,0.124939,1.9409635327328667,
4,749.0,0.08973283814544147,0.09691,2.198002744170867,
5,734.0,0.08793578531208818,0.0791812,2.9418522592826553,
6,493.0,0.059063136456211814,0.0669468,2.859978119666039,
7,395.0,0.04732239127830358,0.0579919,4.147186009208841,
8,357.0,0.04276985743380855,0.0511525,3.4514368809020652,
