digit,count,empirical,benford,zscore
0,0.0,0.0,0.0,NaN,
1,33720.0,0.27514626324936964,0.30103,19.750874534115717,
2,22070.0,0.1800853508278051,0.176091,3.6673820725226003,
3,16063.0,0.13106982285215377,0.124939,6.486694707369553,
4,13069.0,0.10663957634656027,0.09691,11.508638298446934,
5,10201.0,0.08323745644741459,0.0791812,5.253541983072408,
6,8030.0,0.06552267182361916,0.0669468,1.989055849681874,
7,6613.0,0.05396032736856707,0.0579919,6.032339209934062,
8,6137.0,0.050076293521986406,0.0511525,1.7036344284517408,
