digit,count,empirical,benford,zscore
0,0.0,0.0,0.0,NaN,
1,9026.0,0.25993549130284527,0.30103,16.688308068009515,
2,5551.0,0.159860615136505,0.176091,7.9332295424919215,
3,4660.0,0.1342011289022002,0.124939,5.21172895336106,
4,3640.0,0.10482663287639672,0.09691,4.977541904397509,
5,2777.0,0.07997350535652574,0.0791812,0.5368388272502529,
6,2282.0,0.0657182352263564,0.0669468,0.9052627521104977,
7,2154.0,0.06203202396037323,0.0579919,3.209578175717302,
8,2006.0,0.057769842184080177,0.0511525,5.584969117331848,
