digit,count,empirical,benford,zscore
0,0.0,0.0,0.0,NaN,
1,9434.0,0.2783219258909606,0.30103,9.10831758022498,
2,5915.0,0.1745043662969082,0.176091,0.7597770243030587,
3,4159.0,0.12269884352135946,0.124939,1.239125232716721,
4,3271.0,0.09650106207222091,0.09691,0.2453164247084692,
5,2555.0,0.07537762567854614,0.0791812,2.58333335062867,
6,2208.0,0.06514042954920934,0.0669468,1.3197810208395673,
7,1709.0,0.050418928487137124,0.0579919,5.953643093991393,
8,2009.0,0.05926953032806231,0.0511525,6.770952950157749,
