digit,count,empirical,benford,zscore
0,0.0,0.0,0.0,NaN,
1,21.0,0.30434782608695654,0.30103,0.06008194806490849,
2,46.0,0.6666666666666666,0.176091,10.540457374099923,
3,2.0,0.028985507246376812,0.124939,2.228511235267252,
4,0.0,0.0,0.09691,2.5176248469866906,
5,0.0,0.0,0.0791812,2.212919406692988,
6,0.0,0.0,0.0669468,1.9841926667328957,
7,0.0,0.0,0.0579919,1.8034798414703477,
8,0.0,0.0,0.0511525,1.655457348873986,
