digit,count,empirical,benford,zscore
0,0.0,0.0,0.0,NaN,
1,2800.0,0.3177124702144559,0.30103,3.4025820274428886,
2,1609.0,0.18257120163394985,0.176091,1.5831541251976171,
3,1070.0,0.12141155111766708,0.124939,0.9854000950010102,
4,842.0,0.09554067854306139,0.09691,0.41652416183171237,
5,634.0,0.0719391807557018,0.0791812,2.498088084892175,
6,520.0,0.059003744468398955,0.0669468,2.9622262730114506,
7,512.0,0.05809599455350051,0.0579919,0.019022354762377295,
8,452.0,0.05128787019176217,0.0511525,0.033508167335809205,
