digit,count,empirical,benford,zscore
0,0.0,0.0,0.0,NaN,
1,32290.0,0.2564285827734629,0.30103,34.500599560608435,
2,19947.0,0.15840758564825844,0.176091,16.470667387825472,
3,14331.0,0.11380854814885405,0.124939,11.940993597834298,
4,12836.0,0.10193611918489223,0.09691,6.024077367434128,
5,11613.0,0.09222375756420641,0.0791812,17.13496423610199,
6,10423.0,0.08277346293737393,0.0669468,22.46534395045059,
7,8950.0,0.07107574530264767,0.0579919,19.858360890018897,
8,7830.0,0.06218135035974651,0.0511525,17.75795793180716,
