digit,count,empirical,benford,zscore
0,0.0,0.0,0.0,NaN,
1,4170.0,0.2629421779431238,0.30103,10.447929615074086,
2,2259.0,0.14244277697206634,0.176091,11.114366469995547,
3,1558.0,0.09824074657922946,0.124939,10.156391054366305,
4,1342.0,0.08462072009584463,0.09691,5.217938052435857,
5,1154.0,0.07276625260104673,0.0791812,2.977098207164214,
6,1001.0,0.06311873384198247,0.0669468,1.9129674147699558,
7,1075.0,0.06778485402610505,0.0579919,5.259448255073825,
8,1136.0,0.07163125039409798,0.0511525,11.688010221649686,
