digit,count,empirical,benford,zscore
0,0.0,0.0,0.0,NaN,
1,11414.0,0.25752447994224087,0.30103,19.96214719938051,
2,7001.0,0.15795767339018998,0.176091,10.016331478625647,
3,6557.0,0.14794007490636704,0.124939,14.637825791108453,
4,4462.0,0.100672352330671,0.09691,2.6694093350011676,
5,3424.0,0.07725283155092279,0.0791812,1.494697996047913,
6,2891.0,0.0652272009385858,0.0669468,1.438998271485287,
7,2624.0,0.05920310455304364,0.0579919,1.0808171730647684,
8,2617.0,0.05904516944181219,0.0511525,7.5314875432973025,
