digit,count,empirical,benford,zscore
0,0.0,0.0,0.0,NaN,
1,7574.0,0.2524161834299807,0.30103,18.351886925043683,
2,5026.0,0.16749983336666,0.176091,3.899463152784641,
3,4030.0,0.13430647203892554,0.124939,4.8987474215683795,
4,2858.0,0.09524761714323803,0.09691,0.9636294408586638,
5,2133.0,0.07108578284343131,0.0791812,5.182631119879237,
6,1973.0,0.06575351596347397,0.0669468,0.8154971040756626,
7,1918.0,0.06392054922348864,0.0579919,4.381536700700538,
8,1899.0,0.0632873425314937,0.0511525,9.528176248216688,
