digit,count,empirical,benford,zscore
0,0.0,0.0,0.0,NaN,
1,64.0,0.16666666666666666,0.30103,5.684379359293169,
2,84.0,0.21875,0.176091,2.1276763274375132,
3,70.0,0.18229166666666666,0.124939,3.321831292323901,
4,92.0,0.23958333333333334,0.09691,9.364334029812392,
5,70.0,0.18229166666666666,0.0791812,7.388410637419626,
6,4.0,0.010416666666666666,0.0669468,4.330192532586212,
7,0.0,0.0,0.0579919,4.752910946663648,
8,0.0,0.0,0.0511525,4.434072235937136,
