digit,count,empirical,benford,zscore
0,0.0,0.0,0.0,NaN,
1,1383.0,0.3106469002695418,0.30103,1.3825373171090576,
2,753.0,0.16913746630727763,0.176091,1.1984039294077349,
3,698.0,0.15678346810422283,0.124939,6.403376280372749,
4,301.0,0.06761006289308176,0.09691,6.583041112234633,
5,287.0,0.06446540880503145,0.0791812,3.608576135733349,
6,283.0,0.06356693620844564,0.0669468,0.8723330599958984,
7,201.0,0.04514824797843666,0.0579919,3.6344676475492337,
8,286.0,0.06424079065588499,0.0511525,3.9299421492638986,
