digit,count,empirical,benford,zscore
0,0.0,0.0,0.0,NaN,
1,2407.0,0.2861388492629577,0.30103,2.965560263410972,
2,1502.0,0.1785544460294817,0.176091,0.5788648520436056,
3,1052.0,0.12505943889681406,0.124939,0.016920425885210394,
4,817.0,0.09712315739419876,0.09691,0.04765691758857192,
5,748.0,0.08892058963385639,0.0791812,3.2879458068997467,
6,654.0,0.07774607703281027,0.0669468,3.941207070192468,
7,465.0,0.05527817403708987,0.0579919,1.0415653779158067,
8,400.0,0.0475511174512601,0.0511525,1.4745504599957473,
