digit,count,empirical,benford,zscore
0,0.0,0.0,0.0,NaN,
1,3006.0,0.3331855464420306,0.30103,6.646974244424508,
2,1677.0,0.18587896253602307,0.176091,2.426998538210132,
3,974.0,0.10795832409665262,0.124939,4.8620394233852915,
4,818.0,0.09066725781423188,0.09691,1.9865720604813897,
5,613.0,0.06794502327643538,0.0791812,3.9330048114026486,
6,535.0,0.05929949013522501,0.0669468,2.8852482808711892,
7,521.0,0.05774772777654622,0.0579919,0.0767065245960344,
8,478.0,0.05298160053203281,0.0511525,0.7647071469507893,
