digit,count,empirical,benford,zscore
0,0.0,0.0,0.0,NaN,
1,35438.0,0.3117511480197758,0.30103,7.876975455995749,
2,16796.0,0.14775586325808893,0.176091,25.077270160589638,
3,11232.0,0.09880887450076535,0.124939,26.639788823269715,
4,9512.0,0.08367788588419516,0.09691,15.075287583880577,
5,9124.0,0.08026461635906187,0.0791812,1.347289912897774,
6,8417.0,0.07404507627073913,0.0669468,9.569652219719968,
7,7710.0,0.06782553618241638,0.0579919,14.178798110488735,
8,7375.0,0.06487851223674719,0.0511525,20.999266188507445,
