digit,count,empirical,benford,zscore
0,0.0,0.0,0.0,NaN,
1,11287.0,0.26020702215459807,0.30103,18.530094524089545,
2,8138.0,0.18761094589298477,0.176091,6.292702788442579,
3,5743.0,0.1323973534361528,0.124939,4.690647746742252,
4,3881.0,0.08947137884132143,0.09691,5.228762087918367,
5,3237.0,0.07462480116190608,0.0791812,3.5055267340553153,
6,2836.0,0.06538027065034466,0.0669468,1.2958141976886606,
7,2673.0,0.06162251884639325,0.0579919,3.2249158895638694,
8,2628.0,0.06058510270419808,0.0511525,8.906326583390536,
