digit,count,empirical,benford,zscore
0,0.0,0.0,0.0,NaN,
1,9730.0,0.2831204353013065,0.30103,7.232171924102201,
2,5338.0,0.15532342072336836,0.176091,10.100529260876504,
3,3870.0,0.1126080251403963,0.124939,6.905376093916393,
4,2924.0,0.08508161899496611,0.09691,7.403068956729195,
5,2601.0,0.07568306805947567,0.0791812,2.391656794609033,
6,2425.0,0.0705618762184654,0.0669468,2.670661306470848,
7,2245.0,0.06532429365379579,0.0579919,5.804208692693,
8,2214.0,0.06442226554543602,0.0511525,11.153880900738367,
