digit,count,empirical,benford,zscore
0,0.0,0.0,0.0,NaN,
1,2475.0,0.296229802513465,0.30103,0.9446039575338381,
2,1424.0,0.17043686415320167,0.176091,1.3424870700711642,
3,1072.0,0.12830640335128665,0.124939,0.9143503657081465,
4,838.0,0.10029922202274087,0.09691,1.0286946219240163,
5,691.0,0.0827049670855775,0.0791812,1.172582175597856,
6,493.0,0.0590065828845003,0.0669468,2.882052387091369,
7,486.0,0.05816876122082585,0.0579919,0.045762581730239595,
8,441.0,0.05278276481149013,0.0511525,0.6515646534589568,
