digit,count,empirical,benford,zscore
0,0.0,0.0,0.0,NaN,
1,129.0,0.45263157894736844,0.30103,5.514890382889281,
2,53.0,0.18596491228070175,0.176091,0.3598694004850141,
3,27.0,0.09473684210526316,0.124939,1.4524544131274806,
4,29.0,0.10175438596491228,0.09691,0.17633198480294607,
5,8.0,0.028070175438596492,0.0791812,3.085814932445061,
6,10.0,0.03508771929824561,0.0669468,2.0334736212563977,
7,12.0,0.042105263157894736,0.0579919,1.020757973346445,
8,9.0,0.031578947368421054,0.0511525,1.3654574743124974,
