digit,count,empirical,benford,zscore
0,0.0,0.0,0.0,NaN,
1,2736.0,0.3076577083099067,0.30103,1.3509941372162282,
2,1625.0,0.18272798830540876,0.176091,1.6292670690099842,
3,997.0,0.11211064882491847,0.124939,3.6426647533806524,
4,872.0,0.09805464972450242,0.09691,0.34695498499928495,
5,711.0,0.07995052288316654,0.0791812,0.24904382401669695,
6,543.0,0.06105926009220736,0.0669468,2.2002528960837187,
7,490.0,0.05509951647363095,0.0579919,1.1443103190626973,
8,467.0,0.05251321263915439,0.0511525,0.5583837971087855,
