digit,count,empirical,benford,zscore
0,0.0,0.0,0.0,NaN,
1,3522.0,0.34744007102693103,0.30103,10.175856847882665,
2,1690.0,0.1667159909243366,0.176091,2.46505863087664,
3,1203.0,0.1186741639538325,0.124939,1.8926200678619476,
4,810.0,0.07990529742527375,0.09691,5.770486033470145,
5,664.0,0.0655026141856565,0.0791812,5.0819328350739035,
6,675.0,0.0665877478543948,0.0669468,0.12477193763818216,
7,678.0,0.06688369340041432,0.0579919,3.809055395412951,
8,472.0,0.046562099240406433,0.0511525,2.0753048487562555,
