digit,count,empirical,benford,zscore
0,0.0,0.0,0.0,NaN,
1,31320.0,0.2627406568516421,0.30103,28.81664503303499,
2,22703.0,0.19045342057799589,0.176091,13.014869605134939,
3,14047.0,0.11783901681976428,0.124939,7.409343597934117,
4,11197.0,0.09393062371544818,0.09691,3.472249592190498,
5,9038.0,0.0758189673251961,0.0791812,4.293730108363531,
6,8144.0,0.06831928190931588,0.0669468,1.8901943741774394,
7,7378.0,0.06189337695566461,0.0579919,5.757025273066044,
8,7011.0,0.05881464703661759,0.0511525,12.001299335885099,
