digit,count,empirical,benford,zscore
0,0.0,0.0,0.0,NaN,
1,1396.0,0.31356693620844567,0.30103,1.807285585606004,
2,576.0,0.1293800539083558,0.176091,8.162864519629077,
3,739.0,0.16599281221922732,0.124939,8.261771595003227,
4,499.0,0.11208445642407906,0.09691,3.397149474786098,
5,374.0,0.08400718778077268,0.0791812,1.1647679882423387,
6,313.0,0.07030548068283918,0.0669468,0.8666778445071691,
7,174.0,0.03908355795148248,0.0579919,5.365779087917786,
8,232.0,0.05211141060197664,0.0511525,0.2564041113441177,
