digit,count,empirical,benford,zscore
0,0.0,0.0,0.0,NaN,
1,0.0,0.0,0.30103,5.320077643647076,
2,0.0,0.0,0.176091,3.6821678117148706,
3,0.0,0.0,0.124939,2.9566887650235376,
4,0.0,0.0,0.09691,2.5176248469866906,
5,0.0,0.0,0.0791812,2.212919406692988,
6,5.0,0.07246376811594203,0.0669468,0.18336097289804978,
7,40.0,0.5797101449275363,0.0579919,18.284167446768645,
8,16.0,0.2318840579710145,0.0511525,6.54116777376821,
